{"1, 2": [1438616026.496, [["Craigy", 232.56803872567167], ["Sergeant Billy Jeeperthud", 233.0083141205136]]], "1, 1": [1438616026.49, [["Craigy", 232.56803872567167], ["Sergeant Billy Jeeperthud", 233.0083141205136]]], "1, 0": [1438616026.49, [["Craigy", 232.56803872567167], ["Sergeant Billy Jeeperthud", 233.0083141205136]]], "0, 0": [1438612494.449, [["Craigy", 115.81095635041925], ["Sergeant Billy Jeeperthud", 235.564214849756]]], "0, 1": [1438612494.45, [["Craigy", 115.81095635041925], ["Sergeant Billy Jeeperthud", 235.564214849756]]], "0, 2": [1438612494.456, [["Craigy", 115.81095635041925], ["Sergeant Billy Jeeperthud", 235.564214849756]]]}